Byung-Il Jun <jun1@llnl.gov>,Dae-Won Kim <dakim@cfa.harvard.edu>,Donghui Jeong <djeong@astro.as.utexas.edu>,Dong-Woo Kim <kim@cfa.harvard.edu>,Ena Choi <echoi@astro.princeton.edu>,Eugene Kang <egkang@astro.snu.ac.kr>,Eun-Joo Ahn <sein@oddjob.uchicago.edu>,Hee-Jong Seo <sheejong@fnal.gov>,Ho Seong Hwang <hshwang@kias.re.kr>,Hwihyun Kim <hwihyun.kim@asu.edu>,Hyo Jeong Kim <hyojeong@astro.as.utexas.edu>,Hyun-chul Lee <hclee@wsu.edu>,Hyunjin Shim <hjshim@astro.snu.ac.kr>,Hyunsook Lee <hlee@cfa.harvard.edu>,Hyunsung Jun <hsjun@astro.snu.ac.kr>,Ilsang Yoon <iyoon@astro.umass.edu>,Induk Lee <idlee@astro.snu.ac.kr>,Inseok Song <song@uga.edu>,Jae Sub Hong <jhong@cfa.harvard.edu>,Jaehyon Rhee <jrhee@physics.purdue.edu>,Jae-Joon Lee <lee.j.joon@gmail.com>,Jaiyul Yoo <jyoo@cfa.harvard.edu>,James Jee <jee.james@gmail.com>,Jeong-Eun Lee <jelee@sejong.ac.kr>,Jeonghee Rho <rho@ipac.caltech.edu>,Jeongwoo Lee <leejw@njit.edu>,Jiehae Choi <jchoi@nmsu.edu>,Ji Hoon Kim <jhkim@pha.jhu.edu>,Ji-hoon Kim <mornkr@slac.stanford.edu>,Jongwan Ko <jwko@astro.snu.ac.kr>,Joo Heon Yoon <jhyoon@astro.columbia.edu>,Joo Hyeon Kim <jhkim73@gmail.com>,Jun-Hwan Choi <jhchoi@physics.unlv.edu>,KwangHo Park <kpark@astro.umd.edu>,KwangHo Park <kpark@astro.umd.edu>,Kyujin Kwak <kkwak@physast.uga.edu>,Min Su Yun <myun@astro.umass.edu>,Min-su Shin <msshin@umich.edu>,Minyoung Lee <lee@astro.wisc.edu>,Moo Kwang joung <moo@astro.columbia.edu>,Moo-Young Chun <mychun@kasi.re.kr>,Myung Gyoon Lee <mglee@astrog.snu.ac.kr>,Myungshin Im <mim@astro.snu.ac.kr>,Philip Ilho Choi <pchoi@ipac.caltech.edu>,Sam Kim <kimsam@uci.edu>,Sam Kim <sk269@nau.edu>,Sangmo Tony Sohn <tonysohn@srl.caltech.edu>,Se-Heon Oh <seheon@mso.anu.edu.au>,Seungyoup Chi <seungyoup.chi@gmail.com>,Song Eui Park <anotherone99@hotmail.com>,Soojong Pak <soojong@khu.ac.kr>,Sun Hong Rhie <srhie@condor.phys.nd.edu>,Sung-Chul Yoon <astroyoon@gmail.com>,Sung-Eun Kim <skim@cfa.harvard.edu>,Sunghye Baek <sunghye.baek@obspm.fr>,Sungryong Hong <shong@fcrao1.astro.umass.edu>,Taeil Bai <bai@quake.stanford.edu>,Tae-Sun Kim <tkim@eso.org>,Young Sun Lee <lee@pa.msu.edu>,Young Lee <lee@pa.msu.edu>,Yujin Yang <yyang@as.arizona.edu>,Yun-Young Choi <yychoi@kias.re.kr>,sckim@kasi.re.kr,jylee@cfa.harvard.edu,shong@noao.edu
